key= 2;243699797971150
key= 4;376054039158123
key= 0;122943027182646
key= 0;518859417405724
key= 9;570638912288161
key= 2;229234225892420
key= 8;124817595698776
key= 9;867520905279904
key= 0;571057425867531
key= 7;140945316719256
key= 4;658036343255971
key= 8;563269255990468
key= 2;309224573383517
key= 5;214376501138813
key= 3;317382379245716
key= 28;310457109234007
key= 17;592466727197120
key= 18;692836182730033
key= 28;756508686335200
key= 14;928576871410202
key= 26;226256374282917
key= 2;790432422890770
key= 10;120200526148036
key= 22;550750967099984
key= 19;159391196755612
key= 2;513335855746995
key= 10;378656228372596
key= 29;300379235126894
key= 25;217948325547202
key= 71;266330135324850
key= 15;253144309660571
key= 36;486400470932691
key= 10;846326972489845
key= 41;950390207622399
key= 15;731087240484269
key= 85;120223285448047
key= 38;196447232252169
key= 50;796189192019075
key= 10;430438070102178
key= 87;598103343782329
key= 81;532051347570157
key= 56;345719268581249
key= 2;388157610650196
key= 2;211592440979481
key= 73;144057838799719
key= 3;789622510753110
key= 80;315666300578622
key= 31;145656910237088
key= 53;805047485468657
key= 18;591362695325540
key= 9;385336483413288
key= 27;599161035817435
key= 44;126214594558795
key= 29;681029058494782
key= 4;886406845470404
key= 61;615633419913681
key= 84;618495514035382
key= 51;581348445631976
key= 33;316142429748150
key= 28;243582132008412
key= 41;801090050366348
key= 203;236392344077537
key= 208;952630124446738
key= 183;855096851069987
key= 58;245221156923270
key= 50;749500201305134
key= 235;989290665911296
key= 20;739074490022976
key= 98;688731092854351
key= 156;901100939364965
key= 116;898004734855751
key= 211;151126379970892
key= 203;207992138703610
key= 118;809399607731620
key= 166;627692245768697
key= 188;746074105833271
key= 249;187613247915335
key= 229;817306099701451
key= 90;738250164203023
key= 251;540912442598686
key= 128;785553086163966
key= 52;937518436038228
key= 148;615945577774355
key= 24;456216262978539
key= 220;951503931701874
key= 26;964332563629117
key= 17;515677374605407
key= 120;762191010198118
key= 229;719789665044387
key= 34;665536742805152
key= 24;127961036868783
key= 111;511913273515086
key= 85;264525048110561
key= 244;600657783719212
key= 22;474057635539560
key= 134;578781515744273
key= 107;274412413188550
key= 258;772862247331160
key= 183;591359297397492
key= 101;727794050695176
key= 51;977305764207206
key= 213;910975514271114
key= 185;482960333244510
key= 204;240994233872502
key= 138;520551096537435
key= 58;195366927641038
key= 111;670283828747756
key= 79;586270707387841
key= 200;192115963126696
key= 160;886859242420384
key= 143;205700582367687
key= 82;765672611708288
key= 53;849649867893060
key= 68;891356115581894
key= 4;473268521785421
key= 175;104498061570695
key= 189;209871038266134
key= 4;294540939139009
key= 245;830036798244346
key= 146;145636252553406
key= 263;539054356628407
key= 37;530786045259995
key= 120;617800720151952
key= 115;794991531243239
key= 86;876898655709642
key= 109;508321173227656
key= 24;405759437614591
key= 104;623290244326442
key= 190;520680828455070
key= 105;798745222336506
key= 47;908220497098567
key= 75;367169145863718
key= 30;194358074942725
key= 144;513125749623541
key= 143;258310952174028
key= 149;988166232965503
key= 16;828158295320442
key= 183;829215333740512
key= 78;908596740255115
key= 121;242083243831796
key= 97;578202768788401
key= 69;904724747485624
key= 8;572578115823622
key= 187;283161086918207
key= 112;222834177227027
key= 193;410127340244135
key= 218;417220610084120
key= 83;177607495947321
key= 82;382576738162906
key= 98;141129649117038
key= 253;365996937652835
key= 65;829238720564834
key= 20;224034147941340
key= 112;925728384286316
key= 107;774357195933028
key= 0;426344817661946
key= 216;924535416810156
key= 125;823683824983921
key= 257;195110925895790
key= 122;503360594129146
key= 191;693966625569031
key= 225;327275081729338
key= 101;959895647097628
key= 222;573521991102961
key= 169;972981635373545
key= 206;811362609037877
key= 20;764723511686049
key= 17;429410638971848
key= 223;452662814890113
key= 172;248068876873299
key= 99;662538757036667
key= 250;627136298170724
key= 88;389707251626774
key= 257;896797807153305
key= 113;733784881524519
key= 256;466880280048214
key= 772;423342688670169
key= 750;403849009296065
key= 767;227172499432904
key= 744;257620166738172
key= 671;635431164326632
key= 138;697543053935938
key= 48;837154275390397
key= 22;107078908799045
key= 93;733597633792321
key= 257;644558885837795
key= 755;212055977915378
key= 790;409289084315129
key= 200;878724243748695
key= 738;541095055173994
key= 168;967377872004734
key= 655;111635753182872
key= 722;522780384119136
key= 722;648501225248437
key= 726;812472764230229
key= 47;930838774500373
key= 723;370711943307479
key= 22;347186668507210
key= 94;485623499225672
key= 32;453058638934572
key= 806;430992838524304
key= 262;974897869400140
key= 781;732483731282169
key= 190;697156857056565
key= 50;873444971095030
key= 72;235867188155780
key= 708;555912217324145
key= 582;242115179721421
key= 735;770062419530874
key= 112;415869675521648
key= 721;711422751459739
key= 773;619715047280705
key= 146;454828993610687
key= 777;614885806401017
key= 195;321787697959556
key= 667;151802098152955
key= 47;301897617934567
key= 648;113852215718538
key= 136;936774971040664
key= 657;267807122210741
key= 675;788003623111038
key= 36;624893557310078
key= 175;569564083628868
key= 96;872668490242092
key= 62;774613157566680
key= 58;835462973162805
key= 10;700079198728475
key= 229;647898514880850
key= 772;818061573681052
key= 106;345979520936409
key= 114;847292667028158
key= 9;359258165304458
key= 293;991815807789897
key= 56;717835446056098
key= 38;777494300165812
key= 680;713353267080191
key= 231;283998566025989
key= 95;694056841592573
key= 745;533588323204392
key= 40;952437269519210
key= 526;415441002955101
key= 71;128435989566071
key= 642;241670633561423
key= 639;601803470925701
key= 78;808784510692373
key= 749;560614264666390
key= 773;175456188163500
key= 771;787372412310093
key= 614;127531236062790
key= 689;704379014711353
key= 680;336567122356102
key= 699;522427486262115
key= 35;595446650300499
key= 162;874348832748830
key= 79;539259080953548
key= 608;821925054500001
key= 794;901346647372575
key= 803;262255938535662
key= 35;371854309395780
key= 635;640402057494237
key= 733;592055317901641
key= 95;288195143796085
key= 50;643966545103871
key= 790;545227880311984
key= 44;157198607566307
key= 201;794493819706094
key= 40;518544424395967
key= 778;330794087128386
key= 641;613502945103808
key= 55;720267180897979
key= 90;770825959500285
key= 588;651208503133092
key= 16;603396736324857
key= 711;193259107403735
key= 53;512488748816064
key= 226;799157947352066
key= 6;132966796030099
key= 806;702227895092928
key= 142;468596373295016
key= 261;586826488629369
key= 737;387700149218602
key= 78;667922216359385
key= 208;597383128878638
key= 33;891103516959387
key= 191;680946295446789
key= 687;613602570918165
key= 411;698485789857905
key= 29;709789025011835
key= 686;509663340244007
key= 8;447098376019123
key= 762;463922048257084
key= 687;438100818245764
key= 62;714765339953404
key= 763;905551337184525
key= 44;587932306263149
key= 520;115511002759509
key= 165;669267700777557
key= 773;381280755029944
key= 737;266742158105454
key= 754;511787051381954
key= 575;146430413633263
key= 764;742616550916038
key= 711;187370068011467
key= 726;318085135347835
key= 800;852228834175118
key= 45;587081060925879
key= 70;825795615604162
key= 80;984041156577974
key= 693;441734890351210
key= 777;215960665047926
key= 524;149120251021774
key= 72;895027635184238
key= 169;977370646671366
key= 771;299093515622003
key= 708;343794041523543
key= 656;515092070350698
key= 20;828500538557195
key= 706;506610099952052
key= 770;272548064119873
key= 684;430565310992436
key= 77;156456675555934
key= 799;820397708345215
key= 121;496363682672274
key= 50;716925933610585
key= 133;376846376089118
key= 576;202221098187179
key= 41;884626232162586
key= 654;117229325920832
key= 165;941869293299221
key= 142;887716018738057
key= 127;776552247750992
key= 737;264257955200309
key= 139;639375884128049
key= 193;595882619862018
key= 487;450045450110630
key= 539;400521650254674
key= 27;762527536942009
key= 717;992241212347236
key= 666;700328371281837
key= 17;950334771981190
key= 780;164172975903640
key= 750;620472452468568
key= 497;130012851569131
key= 753;176419575412230
key= 33;673433926495401
key= 566;122149800650309
key= 92;904713979674124
key= 694;209832573241226
key= 110;318497494609480
key= 164;997081773622850
key= 87;133878559661159
key= 760;176483981123011
key= 701;569241216125362
key= 34;117816828181899
key= 711;695190413514011
key= 770;656116904281375
key= 800;686070803764313
key= 408;501024052233073
key= 716;832731464336024
key= 51;700336983983677
key= 673;637229502218111
key= 164;655747685618405
key= 719;624018814831673
key= 799;805129544358834
key= 85;325841982963496
key= 163;773943747814553
key= 677;229104407971581
key= 795;280274679406229
key= 710;250084236474798
key= 598;502242604677080
key= 715;906115452384740
key= 60;683168434193646
key= 611;705125440360906
key= 663;335540485600254
key= 761;301929849611540
key= 108;287780357049772
key= 633;123866044223803
key= 649;202809480627061
key= 610;204122714993743
key= 785;440825853757223
key= 749;945000595641708
key= 13;973424348215356
key= 168;770886169580481
key= 2;916704163265857
key= 57;291562795516277
key= 71;698340550863329
key= 659;439316050342491
key= 626;920350671322128
key= 94;540863874856731
key= 62;414617860981899
key= 226;449275637878894
key= 6;302874476654780
key= 747;167614487211606
key= 185;684068595457745
key= 180;109987948082891
key= 672;948700421050045
key= 571;646024214026207
key= 706;307220465848918
key= 56;479574402561096
key= 141;664906896502097
key= 643;903801712189000
key= 603;252318422831405
key= 721;223949211129497
key= 738;753548621060421
key= 15;631232198889737
key= 761;265750719032458
key= 178;370795259982974
key= 172;375976385119189
key= 141;561888280597442
key= 146;585068964480841
key= 325;376788365878958
key= 694;424513028906992
key= 794;358033735961717
key= 128;258682416397796
key= 708;481803811226743
key= 582;601318068231271
key= 29;753408641875255
key= 791;487342016828723
key= 750;532529663110885
key= 87;566870494509033
key= 173;828838844950160
key= 86;541689606741783
key= 46;519728572129506
key= 576;461222509363110
key= 606;421990612101820
key= 786;677432813315604
key= 215;888330486777655
key= 596;820024006881690
key= 16;601596165949612
key= 778;265116770768417
key= 116;947605714983550
key= 743;804290942249304
key= 27;368604209639719
key= 223;874998350809502
key= 6;529858602323134
key= 93;237987561184614
key= 38;881963630650133
key= 100;609189226498391
key= 47;920399083095932
key= 677;900716163225467
key= 94;945127163979546
key= 619;153019008842539
key= 15;308990095265436
key= 778;154154489371935
key= 163;930866393887244
key= 798;525479831034526
key= 56;993536042281378
key= 797;490354735265258
key= 101;766617572175059
key= 696;444649110825007
key= 617;300468237223538
key= 791;477614820613078
key= 640;750332119382090
key= 791;388147220472936
key= 807;173099844003688
key= 79;945355917282127
key= 180;917684609762538
key= 60;720971945629533
key= 17;419164539159770
key= 31;393287375117165
key= 91;335494548358684
key= 788;283461691409454
key= 704;501819084356218
key= 493;432113272109232
key= 134;453347669969226
key= 714;180675052922705
key= 686;404581806570053
key= 620;263132150824984
key= 749;305655934390612
key= 728;591133637260563
key= 289;199994926891127
key= 725;682304333248772
key= 150;719774670466625
key= 627;217661163231912
key= 540;104240650854066
key= 88;850708753539916
key= 236;852298890949275
key= 731;135961051885236
key= 1;705506733837648
key= 48;907784049110919
key= 661;245290136166812
key= 93;557610803995977
key= 800;312589331946926
key= 42;716346195268538
key= 158;666938429466220
key= 758;913310899733031
key= 8;982036552436822
key= 146;519097579293751
key= 96;877043750378916
key= 10;479511580372519
key= 736;147078205395445
key= 76;955190166734962
key= 726;436704513099370
key= 3;716950536434265
key= 88;389653416092549
key= 675;132378141507768
key= 47;163729801774778
key= 728;963170457210209
key= 97;668038910475929
key= 80;575392847324254
key= 710;420546178942152
key= 668;222744549027018
key= 93;136897766250372
key= 49;474395490401957
key= 802;109748360296931
key= 792;228724191774815
key= 684;374009150088664
key= 659;238711338302437
key= 86;743947453282473
key= 128;906732656589446
key= 172;758506706599548
key= 562;820520612901090
key= 12;551198790507028
key= 4;559163633434652
key= 792;829143715351286
key= 735;810780218427376
key= 75;675045958423536
key= 400;101104462920115
key= 70;487920871601925
key= 704;625372335305088
key= 175;529095986237838
key= 761;421887703741080
key= 655;404352277055581
key= 40;493323576896102
key= 724;570044670366744
key= 46;516586413697326
key= 63;518713386249858
key= 529;130911500520898
key= 555;660200303850674
key= 419;130302310428574
key= 803;238804563382297
key= 81;835572552479138
key= 743;500807477764324
key= 28;484756850343005
key= 739;874081424130288
key= 770;461748149162340
key= 690;630851611489004
key= 739;911480417806921
key= 46;853443694142845
key= 796;647153780726051
key= 772;602529383656730
key= 303;698804586782868
key= 722;528541370433491
key= 644;342427624403750
key= 0;564198009182176
key= 72;870898131444227
key= 11;473148096482329
key= 40;259714369055932
key= 557;304371551132436
key= 81;456246787334547
key= 62;350967781824057
key= 124;296460839862708
key= 766;836210059637918
key= 702;570263093374019
key= 131;939182792429323
key= 23;109549143598648
key= 659;130952282529504
key= 741;732121551798837
key= 747;463117089462903
key= 716;211864811446793
key= 641;540871010816822
key= 47;559450468173067
key= 694;318580624042841
key= 204;338495579729393
key= 23;987584140022080
key= 710;136171287734238
key= 143;932776418146996
key= 107;682978645501005
key= 152;429933655667297
key= 784;428562165707525
key= 640;142093945026521
key= 792;235362394855663
key= 722;567148210039390
key= 751;632531746253694
key= 89;545678474561107
key= 33;763320849497502
key= 777;177634491163316
key= 565;171125070397141
key= 120;527357632897935
key= 29;165156994116937
key= 730;241495806532192
key= 586;525443210360571
key= 600;325322723381244
key= 82;289253539819071
key= 161;745755761673746
key= 750;374443741746041
key= 123;768903742711866
key= 167;758377740850665
key= 771;925268501540374
key= 219;139498799334558
key= 169;694843743874406
key= 100;759219070896327
key= 770;349426015277961
key= 735;678123309051185
key= 51;701668797241409
key= 796;657636530822320
key= 782;825026892070539
key= 258;847945687515728
key= 736;300067488648475
key= 168;778314975409646
key= 64;649049818406235
key= 170;666778179264005
key= 8;169633920621876
key= 100;643877326913555
key= 94;111578944798598
key= 786;827555240353437
key= 804;237895633117034
key= 695;302972491711461
key= 809;418757304358282
key= 799;387942073045127
key= 786;456238763422702
key= 181;589456139971730
key= 285;678398294078596
key= 692;143577014466910
key= 123;559159132958747
key= 726;245504494419183
key= 795;966764020029313
key= 637;611195256092030
key= 91;958209781545022
key= 605;210348441085486
key= 624;174023395122538
key= 239;993292899510638
key= 515;440081332363113
key= 763;423288634070685
key= 634;108031860390877
key= 38;469524272908334
key= 767;809443367640101
key= 4;414749189241078
key= 746;421327914537895
key= 92;861686502818473
key= 631;141491304483277
key= 784;862350784301664
key= 630;314621642227639
key= 760;248930043389058
key= 91;986584511440173
key= 585;470331332219248
key= 558;161553052216406
key= 165;867743860159338
key= 234;399928068636196
key= 771;890115024884755
key= 62;194127992683480
key= 770;217299931139041
key= 9;852941735801217
key= 135;837428561478835
key= 278;785992652852955
key= 643;504900660750273
key= 34;519776318732211
key= 6;577085413316737
key= 84;771587016946290
key= 803;108559261684098
key= 44;422378790389058
key= 656;140407488218094
key= 688;843221217707646
key= 660;604152049743159
key= 662;260574233713570
key= 564;312225176502179
key= 19;675247655318111
key= 497;503118040308066
key= 198;949823749225484
key= 43;174495403574699
key= 15;334756083926761
key= 617;573340162803220
key= 29;938634105066774
key= 130;821799225655577
key= 82;451597066595079
key= 63;370628488491285
key= 594;280036255541161
key= 790;670328770038834
key= 67;937043808274965
key= 669;491135502934314
key= 793;487116238194434
key= 99;766445270577619
key= 669;460030807187857
key= 120;566068913990393
key= 618;311273325458715
key= 166;863488466224388
key= 648;212661774490111
key= 17;859227361107751
key= 184;843696896239100
key= 312;976239389488971
key= 771;422558471477602
key= 238;795169768228249
key= 168;955494554535645
key= 99;841287059477557
key= 141;598625470149872
key= 763;241239196389525
key= 194;359970883960741
key= 658;308521565270515
key= 110;828935328144872
key= 68;290197157929548
key= 629;201747199040117
key= 690;364074054707147
key= 21;184692123690975
key= 744;241884465460133
key= 11;851729372622261
key= 67;738246903477461
key= 591;322610544205779
key= 140;962109939597351
key= 730;314371915639570
key= 743;283324481087671
key= 85;919551288286204
key= 74;504878542295476
key= 71;634253489723994
key= 766;815628170381191
key= 25;517882793008140
key= 560;320105375428643
key= 96;622669463737189
key= 679;203776624203548
key= 247;807792989459232
key= 564;833122372130019
key= 39;911764589701108
key= 63;950834970780420
key= 804;223653656872871
key= 129;374569646902179
key= 184;783669482706721
key= 88;661884352457295
key= 0;785544137136304
key= 234;759673493765165
key= 64;915171467909494
key= 603;110515760393908
key= 190;874169627338866
key= 17;464448345452727
key= 758;824641507444733
key= 227;317849945892868
key= 191;487663758665142
key= 440;623020027405400
key= 683;607255454130634
key= 171;635907737649882
key= 621;192143254512580
key= 790;675052840839140
key= 328;696989166852741
key= 86;483502681796877
key= 54;544387626095175
key= 780;325173268790656
key= 40;299433735092811
key= 760;317300668868446
key= 790;834644027198323
key= 115;437317988601987
key= 224;498167909717396
key= 768;733289065112268
key= 599;470313176231094
key= 749;276094480101939
key= 766;249241835533647
key= 215;584619939756434
key= 148;697149649304381
key= 728;524527016868502
key= 8;943267209306691
key= 583;170640340241984
key= 725;333614780428609
key= 45;252971686046729
key= 105;832675546951608
key= 288;498894746395045
key= 55;176148448427957
key= 173;687518859440424
key= 213;292897584444847
key= 958;246982655951955
key= 930;218380778969645
key= 722;227861616331193
key= 620;510533267099101
key= 1070;454376899688816
key= 660;715683240132411
key= 953;694394036937843
key= 779;369023260978911
key= 997;755655861932589
key= 797;717962142525705
key= 451;242213213128261
key= 1018;732899099714474
key= 662;126075760830424
key= 1152;688227698979386
key= 816;165734238940766
key= 802;315380898571530
key= 683;648006181323186
key= 695;722223927442292
key= 801;231787382067556
key= 584;150907416030193
key= 705;622475311486181
key= 832;285285459246400
key= 714;921351608318670
key= 573;184125240260535
key= 913;243918784697081
key= 1137;686589756156859
key= 916;930489505939076
key= 889;329929690235551
key= 907;328198453808777
key= 586;318102801932374
key= 958;479582981272602
key= 788;655342129836363
key= 848;734055529928537
key= 1014;895770388900348
key= 1037;906629687974068
key= 787;383323928216388
key= 897;246384657976009
key= 914;753885452730196
key= 829;675145265329186
key= 838;721069653895129
key= 869;696063739212169
key= 574;660066504000910
key= 666;310126673925587
key= 1066;470887548688857
key= 863;675546273644322
key= 737;537910273808031
key= 961;686566813185274
key= 1060;790467779857612
key= 606;372021458705007
key= 592;107136719412232
key= 496;534171030014730
key= 554;131154190276712
key= 1035;980669173745868
key= 788;476922166207261
key= 919;689211195924859
key= 1105;897777642437806
key= 929;379385065356477
key= 626;157121314766722
key= 840;919863130339218
key= 593;141675203066324
key= 846;943323616987325
key= 862;384207173569998
key= 655;274908401145030
key= 690;119710346937108
key= 917;652704498758339
key= 764;994012143428674
key= 665;157341631393136
key= 914;626426398771747
key= 661;600550427509784
key= 713;811732150942696
key= 740;304209477297815
key= 1009;833906649718989
key= 730;238372123395844
key= 831;471159830872278
key= 726;361918047644210
key= 889;954480583350738
key= 836;207288813926890
key= 683;119741714442371
key= 1040;882279991766330
key= 869;975107753043966
key= 985;589670532659735
key= 756;413808098423906
key= 738;328733152756109
key= 997;899086640664208
key= 575;382110651274134
key= 706;359203097047342
key= 942;974448049055675
key= 1033;870677696196263
key= 842;834385145773360
key= 853;206546757963582
key= 770;694450532064660
key= 970;951295697725541
key= 732;921027675491410
key= 987;567489525716177
key= 712;902422592009668
key= 639;162118525560653
key= 595;712247063221542
key= 920;478573303796832
key= 779;759503272410844
key= 785;807275160248818
key= 969;589136527965608
key= 729;402692805446445
key= 954;187197296574903
key= 635;144218182433556
key= 723;104471837375297
key= 847;324653916389880
key= 846;249409255755449
key= 772;673450900938044
key= 931;424867690718486
key= 941;366955544427838
key= 756;529656031127563
key= 1125;978472378398675
key= 897;502659965880714
key= 878;524674722835959
key= 1009;618670579997182
key= 844;358618650741806
key= 838;716603752680789
key= 843;394213967416674
key= 832;544895251234169
key= 758;562420537867209
key= 908;489324435935485
key= 1012;249673692886745
key= 927;725772901989721
key= 896;347164841987845
key= 814;936432772711434
key= 700;602741516793036
key= 841;591279253923037
key= 598;261536722220225
key= 672;927311106904820
key= 818;167243834367595
key= 581;832800313351305
key= 791;272537866450160
key= 616;440802132864059
key= 978;137884396298755
key= 630;260243427644336
key= 944;435316278999986
key= 910;680377614792925
key= 968;784198395381161
key= 532;308181121614420
key= 582;335110003968676
key= 1073;672838788375729
key= 730;155379102690481
key= 870;117861656688814
key= 771;414198413096892
key= 767;812196270862246
key= 1041;389388690179436
key= 702;736080650223376
key= 743;633571058434822
key= 589;826101301174595
key= 645;120643066778441
key= 798;614193197292187
key= 1016;708965805593598
key= 864;336046738499467
key= 915;784565034826549
key= 882;260956087945672
key= 918;803993909824404
key= 963;754529529853673
key= 777;224428656956313
key= 635;301424694692121
key= 891;959261470507467
key= 740;112463953914949
key= 613;416171630814601
key= 845;320789615198834
key= 964;785712958741408
key= 978;838357195269457
key= 717;440231552698939
key= 878;226822986935391
key= 973;852863820865895
key= 538;217107014424908
key= 943;645965835816222
key= 620;247514804331023
key= 858;158155893436367
key= 656;440753483050037
key= 838;473843613728391
key= 905;891514384818726
key= 880;672360288582686
key= 701;626114707774203
key= 654;723352532331188
key= 756;438152635350948
key= 993;917769373548144
key= 1029;414958895465895
key= 737;580441379730017
key= 776;891105906122868
key= 593;150860342165081
key= 759;891213091089480
key= 658;447324281515130
key= 791;825171943096307
key= 1066;789179536624864
key= 911;946681064678033
key= 838;749600467134963
key= 778;279164240695125
key= 1003;843388387535596
key= 626;101841094669054
key= 880;930897711432287
key= 960;499590724508069
key= 946;389727432169692
key= 755;641516376841262
key= 905;483626682691257
key= 821;219568038533845
key= 944;345597268593355
key= 877;456559324505984
key= 749;405936914192132
key= 855;965333262815782
key= 717;991520711715121
key= 655;292162602752064
key= 969;719594395266345
key= 963;618748982270538
key= 670;216442913148743
key= 710;891008260032983
key= 611;231254482260924
key= 891;428359195552738
key= 717;450141444978189
key= 1083;585188699678411
key= 829;670482764320947
key= 910;353837497718433
key= 842;186460767095361
key= 842;734680746059170
key= 838;491880616426372
key= 1107;949079784954652
key= 649;494151290017411
key= 662;332126852656036
key= 814;585800574368300
key= 1004;437728677877083
key= 1002;958284756913235
key= 1011;293775196669557
key= 740;802391291099172
key= 526;111577202501168
key= 987;994534376947042
key= 930;234652899771964
key= 836;957090119631656
key= 992;787083891847043
key= 635;331049135029786
key= 923;782394483818043
key= 714;552185621092095
key= 824;288142495190690
key= 753;258218415638505
key= 604;318620243247404
key= 898;618700975385892
key= 793;384283808271233
key= 666;905314223058960
key= 876;849356546170008
key= 736;255603542965353
key= 860;402647689915177
key= 670;814815010578212
key= 1090;996713437779488
= 926;898004734855751
key= 926;947605714983550
key= 928;809399607731620
key= 930;527357632897935
key= 930;566068913990393
key= 931;496363682672274
key= 933;768903742711866
key= 933;559159132958747
key= 934;296460839862708
key= 935;823683824983921
key= 937;776552247750992
key= 938;785553086163966
key= 938;258682416397796
key= 938;906732656589446
key= 939;374569646902179
key= 940;378656228372596
key= 940;821799225655577
key= 941;939182792429323
key= 943;376846376089118
key= 944;578781515744273
key= 944;453347669969226
key= 945;837428561478835
key= 946;936774971040664
key= 948;697543053935938
key= 949;639375884128049
key= 950;796189192019075
key= 950;962109939597351
key= 951;664906896502097
key= 951;561888280597442
key= 951;598625470149872
key= 952;468596373295016
key= 952;887716018738057
key= 953;932776418146996
key= 956;454828993610687
key= 956;585068964480841
key= 956;519097579293751
key= 958;615945577774355
key= 958;697149649304381
key= 959;988166232965503
key= 960;719774670466625
key= 962;429933655667297
key= 968;666938429466220
key= 970;886859242420384
key= 971;745755761673746
key= 972;874348832748830
key= 973;773943747814553
key= 973;930866393887244
key= 974;997081773622850
key= 974;655747685618405
key= 975;669267700777557
key= 975;941869293299221
key= 975;867743860159338
key= 976;627692245768697
key= 976;863488466224388
key= 977;758377740850665
key= 978;967377872004734
key= 978;770886169580481
key= 978;778314975409646
key= 978;955494554535645
key= 979;972981635373545
key= 979;977370646671366
key= 979;694843743874406
key= 980;666778179264005
key= 981;635907737649882
key= 982;248068876873299
key= 982;375976385119189
key= 982;758506706599548
key= 983;828838844950160
key= 983;687518859440424
key= 985;569564083628868
key= 985;529095986237838
key= 988;370795259982974
key= 990;109987948082891
key= 990;917684609762538
key= 991;589456139971730
key= 992;243699797971150
key= 993;855096851069987
key= 993;591359297397492
key= 994;843696896239100
key= 994;783669482706721
key= 995;684068595457745
key= 1000;846326972489845
key= 1000;697156857056565
key= 1000;874169627338866
key= 1001;693966625569031
key= 1001;680946295446789
key= 1001;487663758665142
key= 1003;595882619862018
key= 1004;359970883960741
key= 1005;321787697959556
key= 1008;949823749225484
key= 1010;878724243748695
key= 1011;794493819706094
key= 1014;338495579729393
key= 1018;597383128878638
key= 1023;292897584444847
key= 1025;888330486777655
key= 1025;584619939756434
key= 1029;139498799334558
key= 1033;874998350809502
key= 1034;498167909717396
key= 1036;799157947352066
key= 1036;449275637878894
key= 1037;317849945892868
key= 1039;719789665044387
key= 1039;647898514880850
key= 1041;283998566025989
key= 1044;399928068636196
key= 1044;759673493765165
key= 1045;989290665911296
key= 1046;852298890949275
key= 1048;795169768228249
key= 1049;993292899510638
key= 1057;807792989459232
key= 1063;365996937652835
key= 1067;896797807153305
key= 1067;644558885837795
key= 1068;847945687515728
key= 1071;586826488629369
key= 1072;974897869400140
key= 1088;785992652852955
key= 1095;678398294078596
key= 1098;498894746395045
key= 1099;199994926891127
key= 1103;991815807789897
key= 1113;698804586782868
key= 1122;976239389488971
key= 1133;849649867893060
key= 1135;376788365878958
key= 1138;696989166852741
key= 1166;876898655709642
key= 1181;959895647097628
key= 400;120200526148036
key= 400;101104462920115
key= 408;501024052233073
key= 1221;698485789857905
key= 419;130302310428574
key= 440;623020027405400
key= 463;410127340244135
key= 487;450045450110630
key= 488;417220610084120
key= 493;432113272109232
key= 497;130012851569131
key= 497;503118040308066
key= 515;440081332363113
key= 520;115511002759509
key= 524;149120251021774
key= 526;415441002955101
key= 529;130911500520898
key= 535;120223285448047
key= 538;310457109234007
key= 539;400521650254674
key= 540;104240650854066
key= 550;430438070102178
key= 555;660200303850674
key= 557;304371551132436
key= 558;161553052216406
key= 560;224034147941340
key= 560;320105375428643
key= 562;820520612901090
key= 564;312225176502179
key= 564;833122372130019
key= 565;171125070397141
key= 566;122149800650309
key= 568;243582132008412
key= 571;646024214026207
key= 575;146430413633263
key= 576;202221098187179
key= 576;461222509363110
key= 581;801090050366348
key= 582;242115179721421
key= 582;601318068231271
key= 583;170640340241984
key= 585;470331332219248
key= 586;525443210360571
key= 588;651208503133092
key= 590;749500201305134
key= 591;322610544205779
key= 594;280036255541161
key= 596;820024006881690
key= 598;245221156923270
key= 598;502242604677080
key= 599;470313176231094
key= 600;325322723381244
key= 603;252318422831405
key= 603;110515760393908
key= 605;210348441085486
key= 606;421990612101820
key= 608;821925054500001
key= 610;204122714993743
key= 611;266330135324850
key= 611;705125440360906
key= 614;127531236062790
key= 615;214376501138813
key= 617;300468237223538
key= 617;573340162803220
key= 618;311273325458715
key= 619;153019008842539
key= 620;263132150824984
key= 621;532051347570157
key= 621;192143254512580
key= 624;174023395122538
key= 625;264525048110561
key= 626;920350671322128
key= 627;217661163231912
key= 629;201747199040117
key= 630;122943027182646
key= 630;738250164203023
key= 630;314621642227639
key= 631;141491304483277
key= 633;123866044223803
key= 634;108031860390877
key= 635;640402057494237
key= 637;611195256092030
key= 638;141129649117038
key= 639;601803470925701
key= 640;750332119382090
key= 640;142093945026521
key= 641;613502945103808
key= 641;540871010816822
key= 642;241670633561423
key= 643;903801712189000
key= 643;504900660750273
key= 644;623290244326442
key= 644;342427624403750
key= 645;253144309660571
key= 647;274412413188550
key= 648;113852215718538
key= 648;212661774490111
key= 649;508321173227656
key= 649;202809480627061
key= 651;511913273515086
key= 652;222834177227027
key= 654;117229325920832
key= 655;111635753182872
key= 655;404352277055581
key= 656;515092070350698
key= 656;140407488218094
key= 657;267807122210741
key= 658;308521565270515
key= 659;300379235126894
key= 659;439316050342491
key= 659;238711338302437
key= 659;130952282529504
key= 660;762191010198118
key= 660;617800720151952
key= 660;604152049743159
key= 661;242083243831796
key= 661;245290136166812
key= 662;503360594129146
key= 662;260574233713570
key= 663;316142429748150
key= 663;335540485600254
key= 666;700328371281837
key= 667;151802098152955
key= 668;222744549027018
key= 669;491135502934314
key= 669;460030807187857
key= 671;635431164326632
key= 672;948700421050045
key= 673;637229502218111
key= 675;788003623111038
key= 675;132378141507768
key= 677;229104407971581
key= 677;900716163225467
key= 678;520551096537435
key= 679;203776624203548
key= 680;713353267080191
key= 680;336567122356102
key= 682;229234225892420
key= 683;205700582367687
key= 683;258310952174028
key= 683;607255454130634
key= 684;513125749623541
key= 684;430565310992436
key= 684;374009150088664
key= 686;145636252553406
key= 686;509663340244007
key= 686;404581806570053
key= 687;613602570918165
key= 687;438100818245764
key= 688;843221217707646
key= 689;704379014711353
key= 690;630851611489004
key= 690;364074054707147
key= 692;143577014466910
key= 693;441734890351210
key= 694;209832573241226
key= 694;424513028906992
key= 694;318580624042841
key= 695;302972491711461
key= 696;901100939364965
key= 696;444649110825007
key= 699;522427486262115
key= 701;569241216125362
key= 702;570263093374019
key= 704;376054039158123
key= 704;501819084356218
key= 704;625372335305088
key= 706;506610099952052
key= 706;307220465848918
key= 707;140945316719256
key= 708;555912217324145
key= 708;343794041523543
key= 708;481803811226743
key= 710;315666300578622
key= 710;250084236474798
key= 710;420546178942152
key= 710;136171287734238
key= 711;193259107403735
key= 711;187370068011467
key= 711;695190413514011
key= 712;309224573383517
key= 714;180675052922705
key= 715;104498061570695
key= 715;906115452384740
key= 716;832731464336024
key= 716;211864811446793
key= 717;992241212347236
key= 719;624018814831673
key= 721;711422751459739
key= 721;223949211129497
key= 722;211592440979481
key= 722;522780384119136
key= 722;648501225248437
key= 722;528541370433491
key= 722;567148210039390
key= 723;829215333740512
key= 723;370711943307479
key= 724;570044670366744
key= 725;482960333244510
key= 725;682304333248772
key= 725;333614780428609
key= 726;812472764230229
key= 726;318085135347835
key= 726;436704513099370
key= 726;245504494419183
key= 727;283161086918207
key= 728;746074105833271
key= 728;591133637260563
key= 728;963170457210209
key= 728;524527016868502
key= 729;209871038266134
key= 730;520680828455070
key= 730;241495806532192
key= 730;314371915639570
key= 731;135961051885236
key= 733;592055317901641
key= 735;731087240484269
key= 735;770062419530874
key= 735;810780218427376
key= 735;678123309051185
key= 736;147078205395445
key= 736;300067488648475
key= 737;387700149218602
key= 737;266742158105454
key= 737;264257955200309
key= 738;541095055173994
key= 738;753548621060421
key= 739;874081424130288
key= 739;911480417806921
key= 740;192115963126696
key= 741;732121551798837
key= 743;236392344077537
key= 743;207992138703610
key= 743;804290942249304
key= 743;500807477764324
key= 743;283324481087671
key= 744;240994233872502
key= 744;257620166738172
key= 744;241884465460133
key= 745;533588323204392
key= 746;226256374282917
key= 746;811362609037877
key= 746;421327914537895
key= 747;167614487211606
key= 747;463117089462903
key= 748;952630124446738
key= 749;560614264666390
key= 749;945000595641708
key= 749;305655934390612
key= 749;276094480101939
key= 750;403849009296065
key= 750;620472452468568
key= 750;532529663110885
key= 750;374443741746041
key= 751;145656910237088
key= 751;151126379970892
key= 751;632531746253694
key= 753;910975514271114
key= 753;176419575412230
key= 754;511787051381954
key= 755;212055977915378
key= 756;486400470932691
key= 756;924535416810156
key= 758;196447232252169
key= 758;913310899733031
key= 758;824641507444733
key= 760;951503931701874
key= 760;176483981123011
key= 760;248930043389058
key= 760;317300668868446
key= 761;950390207622399
key= 761;301929849611540
key= 761;265750719032458
key= 761;421887703741080
key= 762;573521991102961
key= 762;463922048257084
key= 763;452662814890113
key= 763;905551337184525
key= 763;423288634070685
key= 763;241239196389525
key= 764;126214594558795
key= 764;742616550916038
key= 765;327275081729338
key= 766;836210059637918
key= 766;815628170381191
key= 766;249241835533647
key= 767;227172499432904
key= 767;809443367640101
key= 768;733289065112268
key= 769;817306099701451
key= 770;272548064119873
key= 770;656116904281375
key= 770;461748149162340
key= 770;349426015277961
key= 770;217299931139041
key= 771;787372412310093
key= 771;299093515622003
key= 771;925268501540374
key= 771;890115024884755
key= 771;422558471477602
key= 772;423342688670169
key= 772;818061573681052
key= 772;602529383656730
key= 773;619715047280705
key= 773;175456188163500
key= 773;381280755029944
key= 775;217948325547202
key= 777;614885806401017
key= 777;215960665047926
key= 777;177634491163316
key= 778;330794087128386
key= 778;265116770768417
key= 778;154154489371935
key= 780;164172975903640
key= 780;325173268790656
key= 781;615633419913681
key= 781;732483731282169
key= 782;790432422890770
key= 782;825026892070539
key= 784;600657783719212
key= 784;428562165707525
key= 784;862350784301664
key= 785;830036798244346
key= 785;440825853757223
key= 786;677432813315604
key= 786;827555240353437
key= 786;456238763422702
key= 788;283461691409454
key= 789;187613247915335
key= 790;571057425867531
key= 790;627136298170724
key= 790;409289084315129
key= 790;545227880311984
key= 790;670328770038834
key= 790;675052840839140
key= 790;834644027198323
key= 791;540912442598686
key= 791;487342016828723
key= 791;477614820613078
key= 791;388147220472936
key= 792;228724191774815
key= 792;829143715351286
key= 792;235362394855663
key= 793;317382379245716
key= 793;487116238194434
key= 794;901346647372575
key= 794;358033735961717
key= 795;280274679406229
key= 795;966764020029313
key= 796;466880280048214
key= 796;647153780726051
key= 796;657636530822320
key= 797;195110925895790
key= 797;490354735265258
key= 798;772862247331160
key= 798;525479831034526
key= 799;820397708345215
key= 799;805129544358834
key= 799;387942073045127
key= 800;852228834175118
key= 800;686070803764313
key= 800;312589331946926
key= 802;109748360296931
key= 803;539054356628407
key= 803;262255938535662
key= 803;238804563382297
key= 803;108559261684098
key= 804;658036343255971
key= 804;618495514035382
key= 804;237895633117034
key= 804;223653656872871
key= 806;430992838524304
key= 806;702227895092928
key= 807;598103343782329
key= 807;173099844003688
key= 809;418757304358282
